binaries/base64.bin,0x000104bc
binaries/branch_if.bin,0x00010420
binaries/branch_if_else.bin,0x00010420
binaries/branch_if_else_if.bin,0x00010420
binaries/branch_if_else_if_else.bin,0x00010420
binaries/loop_for.bin,0x00010450
binaries/loop_while.bin,0x00010420
binaries/loop_while_continue.bin,0x00010450
binaries/loop_while_if.bin,0x00010450
binaries/loop_while_true.bin,0x00010420
binaries/sequence.bin,0x0001052c
binaries/switch.bin,0x00010420
binaries/httpd,0x00020814
binaries/httpd,0x0002834c
binaries/httpd,0x00020f80
binaries/httpd,0x000b3fe0
binaries/httpd,0x0004855c
binaries/httpd,0x00021974
binaries/httpd,0x000209ac
binaries/httpd,0x0004e934
